age_group,gender,education_level,occupation,average_screen_time,device,screen_activity,app_category,screen_time_period,environment,productivity,attention_span,work_strategy,notification_handling,usage_of_productivity_apps,screen_time_group
18–24,Male,Undergraduate,Student,More than 10,Smartphone,"Entertainment (gaming, streaming, social media, etc.)","Social Media (e.g., Facebook, Instagram, LinkedIn, Twitter)",Evening (6 PM–10 PM),Quite workplace,Moderately productive,10–30 minutes,Take regular breaks,Check them briefly and resume my work,"Yes, but i did not find them of any help",High
18–24,Male,Undergraduate,Professional,8-10,Smartphone,"Entertainment (gaming, streaming, social media, etc.)","Streaming (e.g., YouTube, Netflix)",Late night (10 PM–6 AM),Quite workplace,Moderately productive,More than 1 hour,"None, i prefer to work without any strategies",Ignore them until my task is completed,"No, i do not use them",High
45 and above,Female,Graduate,Professional,4–6,Smartphone,Academic/Work-related,"Social Media (e.g., Facebook, Instagram, LinkedIn, Twitter)",Afternoon (12 PM–6 PM),I can work in any environment,Moderately productive,10–30 minutes,Take regular breaks,Check them briefly and resume my work,"No, i do not use them",Moderate
25–34,Male,Undergraduate,Professional,8-10,Laptop/PC,Academic/Work-related,"Social Media (e.g., Facebook, Instagram, LinkedIn, Twitter)",Afternoon (12 PM–6 PM),Quite workplace,"Extremely productive, i efficiently complete my tasks",10–30 minutes,"None, i prefer to work without any strategies",Ignore them until my task is completed,"No, i do not use them",High
45 and above,Male,Graduate,Professional,8-10,Laptop/PC,Academic/Work-related,"Productivity (e.g., Microsoft Office, Notion)",Afternoon (12 PM–6 PM),I can work in any environment,"Extremely productive, i efficiently complete my tasks",30–60 minutes,"None, i prefer to work without any strategies",Check them briefly and resume my work,"No, i do not use them",High
Below 18,Female,High school or below,Student,4–6,Smartphone,"Entertainment (gaming, streaming, social media, etc.)","Streaming (e.g., YouTube, Netflix)",Evening (6 PM–10 PM),Quite workplace,Moderately productive,10–30 minutes,"None, i prefer to work without any strategies",Check them briefly and resume my work,"No, i do not use them",Moderate
35–44,Male,Graduate,Professional,8-10,Laptop/PC,Academic/Work-related,"Productivity (e.g., Microsoft Office, Notion)",Evening (6 PM–10 PM),Quite workplace,Moderately productive,10–30 minutes,Eliminate all distractions,Turn off notifications altogether,"No, i do not use them",High
18–24,Female,Undergraduate,Student,6–8,Smartphone,"Entertainment (gaming, streaming, social media, etc.)","Social Media (e.g., Facebook, Instagram, LinkedIn, Twitter)",Evening (6 PM–10 PM),Collaborative/team setting,"Unproductive, i might not have completed the task and got carried away",10–30 minutes,Eliminate all distractions,Check them briefly and resume my work,"No, i do not use them",Moderate
Below 18,Male,High school or below,Student,More than 10,Smartphone,"Entertainment (gaming, streaming, social media, etc.)","Social Media (e.g., Facebook, Instagram, LinkedIn, Twitter)",Late night (10 PM–6 AM),Quite workplace,"Extremely productive, i efficiently complete my tasks",More than 1 hour,Take regular breaks,Check them briefly and resume my work,"No, i do not use them",High
Below 18,Male,Undergraduate,Student,6–8,Laptop/PC,"Entertainment (gaming, streaming, social media, etc.)","Social Media (e.g., Facebook, Instagram, LinkedIn, Twitter)",Late night (10 PM–6 AM),Quite workplace,Moderately productive,30–60 minutes,"None, i prefer to work without any strategies",Turn off notifications altogether,"No, i do not use them",Moderate
Below 18,Male,Undergraduate,Student,6–8,Laptop/PC,"Entertainment (gaming, streaming, social media, etc.)","Social Media (e.g., Facebook, Instagram, LinkedIn, Twitter)",Late night (10 PM–6 AM),Quite workplace,Moderately productive,30–60 minutes,"None, i prefer to work without any strategies",Turn off notifications altogether,"No, i do not use them",Moderate
18–24,Female,Undergraduate,Student,8-10,Smartphone,"Entertainment (gaming, streaming, social media, etc.)","Streaming (e.g., YouTube, Netflix)",Afternoon (12 PM–6 PM),Quite workplace,"Unproductive, i might not have completed the task and got carried away",Less than 10 minutes,"None, i prefer to work without any strategies",Spend time interacting with the notifications,"No, i do not use them",High
18–24,Male,Undergraduate,Professional,4–6,Laptop/PC,Academic/Work-related,"Productivity (e.g., Microsoft Office, Notion)",Late night (10 PM–6 AM),Quite workplace,Moderately productive,More than 1 hour,"None, i prefer to work without any strategies",Ignore them until my task is completed,"No, i do not use them",Moderate
Below 18,Female,High school or below,Student,6–8,Smartphone,"Entertainment (gaming, streaming, social media, etc.)","Social Media (e.g., Facebook, Instagram, LinkedIn, Twitter)",Evening (6 PM–10 PM),I can work in any environment,"Unproductive, i might not have completed the task and got carried away",Less than 10 minutes,"None, i prefer to work without any strategies",Check them briefly and resume my work,"No, i do not use them",Moderate
18–24,Male,Undergraduate,Student,4–6,Laptop/PC,Academic/Work-related,"Productivity (e.g., Microsoft Office, Notion)",Evening (6 PM–10 PM),Quite workplace,Moderately productive,10–30 minutes,Take regular breaks,Spend time interacting with the notifications,"Yes, they are extremely helpful",Moderate
25–34,Male,Graduate,Professional,More than 10,Laptop/PC,Academic/Work-related,"Productivity (e.g., Microsoft Office, Notion)",Afternoon (12 PM–6 PM),Quite workplace,"Extremely productive, i efficiently complete my tasks",More than 1 hour,Take regular breaks,Ignore them until my task is completed,"No, i do not use them",High
Below 18,Male,High school or below,Student,2–4,Smartphone,"Entertainment (gaming, streaming, social media, etc.)","Social Media (e.g., Facebook, Instagram, LinkedIn, Twitter)",Evening (6 PM–10 PM),Background noise/music,Moderately productive,Less than 10 minutes,"None, i prefer to work without any strategies",Check them briefly and resume my work,"Yes, but i did not find them of any help",Low
Below 18,Male,Undergraduate,Student,4–6,Smartphone,"Entertainment (gaming, streaming, social media, etc.)","Social Media (e.g., Facebook, Instagram, LinkedIn, Twitter)",Evening (6 PM–10 PM),I can work in any environment,Moderately productive,10–30 minutes,"None, i prefer to work without any strategies",Check them briefly and resume my work,"No, i do not use them",Moderate
18–24,Male,Undergraduate,Student,2–4,Smartphone,"Entertainment (gaming, streaming, social media, etc.)",Gaming,Evening (6 PM–10 PM),Quite workplace,Moderately productive,Less than 10 minutes,"None, i prefer to work without any strategies",Check them briefly and resume my work,"Yes, they are extremely helpful",Low
18–24,Male,Undergraduate,Student,6–8,Smartphone,Academic/Work-related,"Messaging (e.g., WhatsApp, Messenger)",Evening (6 PM–10 PM),I can work in any environment,"Extremely productive, i efficiently complete my tasks",30–60 minutes,Eliminate all distractions,Turn off notifications altogether,"No, i do not use them",Moderate
18–24,Male,High school or below,Student,More than 10,Smartphone,"Entertainment (gaming, streaming, social media, etc.)","Social Media (e.g., Facebook, Instagram, LinkedIn, Twitter)",Evening (6 PM–10 PM),I can work in any environment,"Unproductive, i might not have completed the task and got carried away",30–60 minutes,"None, i prefer to work without any strategies",Turn off notifications altogether,"No, i do not use them",High
35–44,Male,High school or below,Professional,8-10,Smartphone,Academic/Work-related,"Social Media (e.g., Facebook, Instagram, LinkedIn, Twitter)",Morning (6 AM–12 PM),Quite workplace,"Extremely productive, i efficiently complete my tasks",Less than 10 minutes,Take regular breaks,Turn off notifications altogether,"Yes, they are extremely helpful",High
35–44,Female,Graduate,Professional,2–4,Smartphone,"Entertainment (gaming, streaming, social media, etc.)","Productivity (e.g., Microsoft Office, Notion)",Morning (6 AM–12 PM),I can work in any environment,"Extremely productive, i efficiently complete my tasks",30–60 minutes,"None, i prefer to work without any strategies",Check them briefly and resume my work,"No, i do not use them",Low
35–44,Female,Graduate,Professional,6–8,Laptop/PC,Academic/Work-related,"Productivity (e.g., Microsoft Office, Notion)",Afternoon (12 PM–6 PM),Collaborative/team setting,Moderately productive,30–60 minutes,Take regular breaks,Check them briefly and resume my work,"Yes, they are extremely helpful",Moderate
35–44,Female,Graduate,Professional,6–8,Smartphone,"Entertainment (gaming, streaming, social media, etc.)","Social Media (e.g., Facebook, Instagram, LinkedIn, Twitter)",Late night (10 PM–6 AM),I can work in any environment,"Unproductive, i might not have completed the task and got carried away",10–30 minutes,Eliminate all distractions,Check them briefly and resume my work,"No, i do not use them",Moderate
18–24,Male,Undergraduate,Professional,2–4,Smartphone,Academic/Work-related,"Social Media (e.g., Facebook, Instagram, LinkedIn, Twitter)",Evening (6 PM–10 PM),Quite workplace,"Extremely productive, i efficiently complete my tasks",10–30 minutes,Take regular breaks,Turn off notifications altogether,"No, i do not use them",Low
25–34,Female,Graduate,Professional,6–8,Smartphone,"Entertainment (gaming, streaming, social media, etc.)","Social Media (e.g., Facebook, Instagram, LinkedIn, Twitter)",Evening (6 PM–10 PM),Quite workplace,Moderately productive,Less than 10 minutes,Eliminate all distractions,Turn off notifications altogether,"Yes, they are extremely helpful",Moderate
25–34,Male,Undergraduate,Professional,8-10,Laptop/PC,Academic/Work-related,"Productivity (e.g., Microsoft Office, Notion)",Afternoon (12 PM–6 PM),I can work in any environment,Moderately productive,More than 1 hour,Take regular breaks,Ignore them until my task is completed,"No, i do not use them",High
45 and above,Male,Graduate,Professional,8-10,Laptop/PC,Academic/Work-related,"Productivity (e.g., Microsoft Office, Notion)",Afternoon (12 PM–6 PM),Collaborative/team setting,Moderately productive,More than 1 hour,"None, i prefer to work without any strategies",Check them briefly and resume my work,"No, i do not use them",High
18–24,Male,Undergraduate,Student,8-10,Laptop/PC,Academic/Work-related,"Social Media (e.g., Facebook, Instagram, LinkedIn, Twitter)",Late night (10 PM–6 AM),Quite workplace,Moderately productive,10–30 minutes,"None, i prefer to work without any strategies",Check them briefly and resume my work,"Yes, they are extremely helpful",High
18–24,Male,Undergraduate,Student,More than 10,Laptop/PC,Academic/Work-related,"Productivity (e.g., Microsoft Office, Notion)",Evening (6 PM–10 PM),Quite workplace,"Unproductive, i might not have completed the task and got carried away",More than 1 hour,Take regular breaks,Spend time interacting with the notifications,"No, i do not use them",High
18–24,Male,Graduate,Professional,More than 10,Laptop/PC,Academic/Work-related,"Social Media (e.g., Facebook, Instagram, LinkedIn, Twitter)",Late night (10 PM–6 AM),,"Extremely productive, i efficiently complete my tasks",More than 1 hour,Take regular breaks,Ignore them until my task is completed,"No, i do not use them",High
Below 18,Male,Undergraduate,Professional,8-10,Laptop/PC,Academic/Work-related,"Social Media (e.g., Facebook, Instagram, LinkedIn, Twitter)",Late night (10 PM–6 AM),Quite workplace,"Extremely productive, i efficiently complete my tasks",More than 1 hour,Take regular breaks,Turn off notifications altogether,"Yes, they are extremely helpful",High
18–24,Male,Undergraduate,Student,4–6,Smartphone,"Entertainment (gaming, streaming, social media, etc.)","Social Media (e.g., Facebook, Instagram, LinkedIn, Twitter)",Evening (6 PM–10 PM),I can work in any environment,"Unproductive, i might not have completed the task and got carried away",30–60 minutes,"None, i prefer to work without any strategies",Check them briefly and resume my work,"No, i do not use them",Moderate
18–24,Male,High school or below,Professional,4–6,Smartphone,Academic/Work-related,"Productivity (e.g., Microsoft Office, Notion)",Morning (6 AM–12 PM),Quite workplace,"Unproductive, i might not have completed the task and got carried away",10–30 minutes,"None, i prefer to work without any strategies",Check them briefly and resume my work,"Yes, they are extremely helpful",Moderate
18–24,Female,High school or below,Student,6–8,Smartphone,Academic/Work-related,"Streaming (e.g., YouTube, Netflix)",Late night (10 PM–6 AM),Quite workplace,Moderately productive,10–30 minutes,Take regular breaks,Turn off notifications altogether,"No, i do not use them",Moderate
18–24,Female,Undergraduate,Student,2–4,Smartphone,"Entertainment (gaming, streaming, social media, etc.)","Streaming (e.g., YouTube, Netflix)",Evening (6 PM–10 PM),Collaborative/team setting,"Unproductive, i might not have completed the task and got carried away",30–60 minutes,Take regular breaks,Check them briefly and resume my work,"Yes, they are extremely helpful",Low
18–24,Male,Undergraduate,Student,2–4,Smartphone,Academic/Work-related,"Social Media (e.g., Facebook, Instagram, LinkedIn, Twitter)",Morning (6 AM–12 PM),I can work in any environment,Moderately productive,10–30 minutes,Take regular breaks,Turn off notifications altogether,"Yes, they are extremely helpful",Low
18–24,Female,Undergraduate,Student,More than 10,Smartphone,"Entertainment (gaming, streaming, social media, etc.)","Streaming (e.g., YouTube, Netflix)",Evening (6 PM–10 PM),Quite workplace,"Unproductive, i might not have completed the task and got carried away",Less than 10 minutes,"None, i prefer to work without any strategies",Spend time interacting with the notifications,"No, i do not use them",High
25–34,Male,Graduate,Professional,4–6,Smartphone,"Entertainment (gaming, streaming, social media, etc.)","Messaging (e.g., WhatsApp, Messenger)",Evening (6 PM–10 PM),Quite workplace,"Unproductive, i might not have completed the task and got carried away",10–30 minutes,Take regular breaks,Check them briefly and resume my work,"No, i do not use them",Moderate
18–24,Male,Undergraduate,Student,4–6,Laptop/PC,"Entertainment (gaming, streaming, social media, etc.)","Social Media (e.g., Facebook, Instagram, LinkedIn, Twitter)",Evening (6 PM–10 PM),Background noise/music,Moderately productive,10–30 minutes,Take regular breaks,Turn off notifications altogether,"Yes, they are extremely helpful",Moderate
18–24,Female,Undergraduate,Student,4–6,Smartphone,"Entertainment (gaming, streaming, social media, etc.)","Social Media (e.g., Facebook, Instagram, LinkedIn, Twitter)",Evening (6 PM–10 PM),Quite workplace,"Unproductive, i might not have completed the task and got carried away",10–30 minutes,Take regular breaks,Spend time interacting with the notifications,"Yes, but i did not find them of any help",Moderate
18–24,Female,Undergraduate,Student,8-10,Smartphone,"Entertainment (gaming, streaming, social media, etc.)","Social Media (e.g., Facebook, Instagram, LinkedIn, Twitter)",Late night (10 PM–6 AM),Quite workplace,Moderately productive,10–30 minutes,Take regular breaks,Turn off notifications altogether,"No, i do not use them",High
18–24,Male,Undergraduate,Professional,More than 10,Laptop/PC,Academic/Work-related,"Productivity (e.g., Microsoft Office, Notion)",Evening (6 PM–10 PM),Quite workplace,Moderately productive,More than 1 hour,"None, i prefer to work without any strategies",Ignore them until my task is completed,"Yes, but i did not find them of any help",High
18–24,Female,Undergraduate,Student,8-10,Laptop/PC,"Entertainment (gaming, streaming, social media, etc.)","Social Media (e.g., Facebook, Instagram, LinkedIn, Twitter)",Evening (6 PM–10 PM),I can work in any environment,"Unproductive, i might not have completed the task and got carried away",30–60 minutes,Take regular breaks,Turn off notifications altogether,"No, i do not use them",High
18–24,Female,Undergraduate,Student,6–8,Smartphone,Academic/Work-related,"Productivity (e.g., Microsoft Office, Notion)",Evening (6 PM–10 PM),I can work in any environment,"Extremely productive, i efficiently complete my tasks",10–30 minutes,Take regular breaks,Check them briefly and resume my work,"No, i do not use them",Moderate
18–24,Male,Undergraduate,Professional,8-10,Smartphone,Academic/Work-related,"Messaging (e.g., WhatsApp, Messenger)",Evening (6 PM–10 PM),Background noise/music,Moderately productive,More than 1 hour,"None, i prefer to work without any strategies",Check them briefly and resume my work,"No, i do not use them",High
18–24,Male,Undergraduate,Professional,6–8,Smartphone,"Entertainment (gaming, streaming, social media, etc.)","Streaming (e.g., YouTube, Netflix)",Evening (6 PM–10 PM),Quite workplace,Moderately productive,10–30 minutes,Eliminate all distractions,Turn off notifications altogether,"Yes, but i did not find them of any help",Moderate
18–24,Female,Undergraduate,Student,4–6,Smartphone,"Entertainment (gaming, streaming, social media, etc.)","Messaging (e.g., WhatsApp, Messenger)",Afternoon (12 PM–6 PM),Quite workplace,"Extremely productive, i efficiently complete my tasks",30–60 minutes,"None, i prefer to work without any strategies",Turn off notifications altogether,"Yes, they are extremely helpful",Moderate
18–24,Male,Undergraduate,Student,2–4,Smartphone,Academic/Work-related,"Social Media (e.g., Facebook, Instagram, LinkedIn, Twitter)",Afternoon (12 PM–6 PM),Collaborative/team setting,"Unproductive, i might not have completed the task and got carried away",Less than 10 minutes,Take regular breaks,Turn off notifications altogether,"Yes, but i did not find them of any help",Low
45 and above,Female,Graduate,Professional,4–6,Smartphone,Academic/Work-related,"Messaging (e.g., WhatsApp, Messenger)",Morning (6 AM–12 PM),Quite workplace,Moderately productive,Less than 10 minutes,Take regular breaks,Spend time interacting with the notifications,"Yes, they are extremely helpful",Moderate
18–24,Male,Undergraduate,Student,8-10,Laptop/PC,Academic/Work-related,"Messaging (e.g., WhatsApp, Messenger)",Evening (6 PM–10 PM),I can work in any environment,"Unproductive, i might not have completed the task and got carried away",More than 1 hour,"None, i prefer to work without any strategies",Check them briefly and resume my work,"No, i do not use them",High
Below 18,Female,High school or below,Student,8-10,Smartphone,"Entertainment (gaming, streaming, social media, etc.)","Social Media (e.g., Facebook, Instagram, LinkedIn, Twitter)",Evening (6 PM–10 PM),Collaborative/team setting,"Unproductive, i might not have completed the task and got carried away",10–30 minutes,Eliminate all distractions,Turn off notifications altogether,"No, i do not use them",High
35–44,Female,Graduate,Professional,4–6,Laptop/PC,Academic/Work-related,"Productivity (e.g., Microsoft Office, Notion)",Morning (6 AM–12 PM),I can work in any environment,"Extremely productive, i efficiently complete my tasks",More than 1 hour,Eliminate all distractions,Turn off notifications altogether,"No, i do not use them",Moderate
Below 18,Male,High school or below,Student,4–6,Smartphone,"Entertainment (gaming, streaming, social media, etc.)","Social Media (e.g., Facebook, Instagram, LinkedIn, Twitter)",Evening (6 PM–10 PM),Quite workplace,Moderately productive,More than 1 hour,"None, i prefer to work without any strategies",Turn off notifications altogether,"No, i do not use them",Moderate
Below 18,Female,High school or below,Student,4–6,Smartphone,"Entertainment (gaming, streaming, social media, etc.)","Streaming (e.g., YouTube, Netflix)",Evening (6 PM–10 PM),Quite workplace,"Extremely productive, i efficiently complete my tasks",More than 1 hour,"None, i prefer to work without any strategies",Ignore them until my task is completed,"No, i do not use them",Moderate
Below 18,Male,High school or below,Student,4–6,Smartphone,Academic/Work-related,"Social Media (e.g., Facebook, Instagram, LinkedIn, Twitter)",Evening (6 PM–10 PM),I can work in any environment,Moderately productive,30–60 minutes,"None, i prefer to work without any strategies",Turn off notifications altogether,"No, i do not use them",Moderate
18–24,Male,High school or below,Student,6–8,Smartphone,"Entertainment (gaming, streaming, social media, etc.)","Social Media (e.g., Facebook, Instagram, LinkedIn, Twitter)",Evening (6 PM–10 PM),Collaborative/team setting,Moderately productive,10–30 minutes,Eliminate all distractions,Spend time interacting with the notifications,"Yes, they are extremely helpful",Moderate
18–24,Male,Undergraduate,Student,4–6,Smartphone,"Entertainment (gaming, streaming, social media, etc.)","Social Media (e.g., Facebook, Instagram, LinkedIn, Twitter)",Evening (6 PM–10 PM),Background noise/music,"Extremely productive, i efficiently complete my tasks",Less than 10 minutes,Take regular breaks,Ignore them until my task is completed,"No, i do not use them",Moderate
Below 18,Male,High school or below,Student,4–6,Television,"Entertainment (gaming, streaming, social media, etc.)","Social Media (e.g., Facebook, Instagram, LinkedIn, Twitter)",Late night (10 PM–6 AM),Quite workplace,Moderately productive,10–30 minutes,Take regular breaks,Turn off notifications altogether,"No, i do not use them",Moderate
Below 18,Male,Undergraduate,Professional,8-10,Smartphone,"Entertainment (gaming, streaming, social media, etc.)","Streaming (e.g., YouTube, Netflix)",Afternoon (12 PM–6 PM),I can work in any environment,Moderately productive,More than 1 hour,"None, i prefer to work without any strategies",Turn off notifications altogether,"No, i do not use them",High
18–24,Male,High school or below,Student,8-10,Smartphone,"Entertainment (gaming, streaming, social media, etc.)","Social Media (e.g., Facebook, Instagram, LinkedIn, Twitter)",Evening (6 PM–10 PM),Quite workplace,Moderately productive,10–30 minutes,"Use some productivity tool (e.g, timers, blockers)",Turn off notifications altogether,"No, i do not use them",High
Below 18,Male,High school or below,Student,2–4,Smartphone,"Entertainment (gaming, streaming, social media, etc.)","Social Media (e.g., Facebook, Instagram, LinkedIn, Twitter)",Evening (6 PM–10 PM),Quite workplace,Moderately productive,30–60 minutes,Eliminate all distractions,Ignore them until my task is completed,"No, i do not use them",Low
Below 18,Male,Undergraduate,Student,4–6,Smartphone,"Entertainment (gaming, streaming, social media, etc.)","Social Media (e.g., Facebook, Instagram, LinkedIn, Twitter)",Afternoon (12 PM–6 PM),Quite workplace,"Extremely productive, i efficiently complete my tasks",More than 1 hour,"None, i prefer to work without any strategies",Ignore them until my task is completed,"No, i do not use them",Moderate
18–24,Male,Undergraduate,Professional,4–6,Smartphone,"Entertainment (gaming, streaming, social media, etc.)","Social Media (e.g., Facebook, Instagram, LinkedIn, Twitter)",Late night (10 PM–6 AM),Quite workplace,Moderately productive,10–30 minutes,Take regular breaks,Ignore them until my task is completed,"Yes, they are extremely helpful",Moderate
18–24,Male,High school or below,Student,6–8,Smartphone,"Entertainment (gaming, streaming, social media, etc.)","Social Media (e.g., Facebook, Instagram, LinkedIn, Twitter)",Afternoon (12 PM–6 PM),I can work in any environment,"Unproductive, i might not have completed the task and got carried away",10–30 minutes,"None, i prefer to work without any strategies",Check them briefly and resume my work,"No, i do not use them",Moderate
Below 18,Male,High school or below,Student,4–6,Tablet,"Entertainment (gaming, streaming, social media, etc.)","Social Media (e.g., Facebook, Instagram, LinkedIn, Twitter)",Evening (6 PM–10 PM),Background noise/music,"Extremely productive, i efficiently complete my tasks",More than 1 hour,Eliminate all distractions,Ignore them until my task is completed,"No, i do not use them",Moderate
18–24,Male,Undergraduate,Student,2–4,Smartphone,"Entertainment (gaming, streaming, social media, etc.)","Social Media (e.g., Facebook, Instagram, LinkedIn, Twitter)",Late night (10 PM–6 AM),Quite workplace,"Extremely productive, i efficiently complete my tasks",10–30 minutes,Take regular breaks,Turn off notifications altogether,"Yes, they are extremely helpful",Low
18–24,Male,High school or below,Student,4–6,Smartphone,"Entertainment (gaming, streaming, social media, etc.)","Social Media (e.g., Facebook, Instagram, LinkedIn, Twitter)",Evening (6 PM–10 PM),Quite workplace,"Extremely productive, i efficiently complete my tasks",30–60 minutes,Eliminate all distractions,Turn off notifications altogether,"Yes, they are extremely helpful",Moderate
Below 18,Male,Undergraduate,Professional,More than 10,Smartphone,Academic/Work-related,"Productivity (e.g., Microsoft Office, Notion)",Late night (10 PM–6 AM),Background noise/music,"Extremely productive, i efficiently complete my tasks",More than 1 hour,"None, i prefer to work without any strategies",Turn off notifications altogether,"Yes, but i did not find them of any help",High
18–24,Female,Undergraduate,Student,4–6,Smartphone,Academic/Work-related,"Social Media (e.g., Facebook, Instagram, LinkedIn, Twitter)",Evening (6 PM–10 PM),Quite workplace,Moderately productive,Less than 10 minutes,Take regular breaks,Check them briefly and resume my work,"No, i do not use them",Moderate
Below 18,Male,High school or below,Student,2–4,Smartphone,"Entertainment (gaming, streaming, social media, etc.)","Streaming (e.g., YouTube, Netflix)",Evening (6 PM–10 PM),I can work in any environment,Moderately productive,More than 1 hour,"None, i prefer to work without any strategies",Ignore them until my task is completed,"No, i do not use them",Low
Below 18,Male,Undergraduate,Student,4–6,Smartphone,"Entertainment (gaming, streaming, social media, etc.)","Social Media (e.g., Facebook, Instagram, LinkedIn, Twitter)",Late night (10 PM–6 AM),I can work in any environment,"Unproductive, i might not have completed the task and got carried away",30–60 minutes,"None, i prefer to work without any strategies",Check them briefly and resume my work,"No, i do not use them",Moderate
18–24,Male,Undergraduate,Professional,8-10,Smartphone,"Entertainment (gaming, streaming, social media, etc.)","Social Media (e.g., Facebook, Instagram, LinkedIn, Twitter)",Afternoon (12 PM–6 PM),I can work in any environment,Moderately productive,10–30 minutes,Take regular breaks,Ignore them until my task is completed,"No, i do not use them",High
Below 18,Male,High school or below,Student,6–8,Smartphone,"Entertainment (gaming, streaming, social media, etc.)","Social Media (e.g., Facebook, Instagram, LinkedIn, Twitter)",Evening (6 PM–10 PM),I can work in any environment,"Extremely productive, i efficiently complete my tasks",30–60 minutes,"None, i prefer to work without any strategies",Turn off notifications altogether,"Yes, they are extremely helpful",Moderate
Below 18,Male,High school or below,Student,6–8,Laptop/PC,"Entertainment (gaming, streaming, social media, etc.)","Social Media (e.g., Facebook, Instagram, LinkedIn, Twitter)",Evening (6 PM–10 PM),Collaborative/team setting,Moderately productive,30–60 minutes,Take regular breaks,Check them briefly and resume my work,"No, i do not use them",Moderate
Below 18,Male,High school or below,Student,4–6,Smartphone,"Entertainment (gaming, streaming, social media, etc.)","Social Media (e.g., Facebook, Instagram, LinkedIn, Twitter)",Evening (6 PM–10 PM),I can work in any environment,Moderately productive,Less than 10 minutes,Take regular breaks,Turn off notifications altogether,"No, i do not use them",Moderate
18–24,Female,Undergraduate,Student,6–8,Smartphone,"Entertainment (gaming, streaming, social media, etc.)","Social Media (e.g., Facebook, Instagram, LinkedIn, Twitter)",Evening (6 PM–10 PM),Quite workplace,"Unproductive, i might not have completed the task and got carried away",10–30 minutes,Eliminate all distractions,Spend time interacting with the notifications,"No, i do not use them",Moderate
18–24,Male,Undergraduate,Student,4–6,Smartphone,"Entertainment (gaming, streaming, social media, etc.)","Social Media (e.g., Facebook, Instagram, LinkedIn, Twitter)",Late night (10 PM–6 AM),Quite workplace,"Unproductive, i might not have completed the task and got carried away",More than 1 hour,"None, i prefer to work without any strategies",Spend time interacting with the notifications,"No, i do not use them",Moderate
18–24,Male,High school or below,Professional,More than 10,Smartphone,"Entertainment (gaming, streaming, social media, etc.)","Social Media (e.g., Facebook, Instagram, LinkedIn, Twitter)",Evening (6 PM–10 PM),I can work in any environment,Moderately productive,More than 1 hour,"None, i prefer to work without any strategies",Turn off notifications altogether,"No, i do not use them",High
18–24,Male,High school or below,Student,6–8,Laptop/PC,"Entertainment (gaming, streaming, social media, etc.)","Streaming (e.g., YouTube, Netflix)",Evening (6 PM–10 PM),I can work in any environment,Moderately productive,30–60 minutes,"Use some productivity tool (e.g, timers, blockers)",Turn off notifications altogether,"Yes, but i did not find them of any help",Moderate
18–24,Male,Undergraduate,Student,6–8,Smartphone,"Entertainment (gaming, streaming, social media, etc.)","Social Media (e.g., Facebook, Instagram, LinkedIn, Twitter)",Late night (10 PM–6 AM),Quite workplace,Moderately productive,Less than 10 minutes,Take regular breaks,Turn off notifications altogether,"No, i do not use them",Moderate
18–24,Male,High school or below,Student,2–4,Smartphone,"Entertainment (gaming, streaming, social media, etc.)","Social Media (e.g., Facebook, Instagram, LinkedIn, Twitter)",Late night (10 PM–6 AM),Background noise/music,Moderately productive,Less than 10 minutes,Eliminate all distractions,Ignore them until my task is completed,"No, i do not use them",Low
Below 18,Male,Undergraduate,Student,2–4,Smartphone,"Entertainment (gaming, streaming, social media, etc.)","Social Media (e.g., Facebook, Instagram, LinkedIn, Twitter)",Afternoon (12 PM–6 PM),Quite workplace,"Extremely productive, i efficiently complete my tasks",10–30 minutes,"Use some productivity tool (e.g, timers, blockers)",Ignore them until my task is completed,"Yes, but i did not find them of any help",Low
18–24,Female,Undergraduate,Student,2–4,Smartphone,"Entertainment (gaming, streaming, social media, etc.)","Messaging (e.g., WhatsApp, Messenger)",Late night (10 PM–6 AM),I can work in any environment,"Unproductive, i might not have completed the task and got carried away",10–30 minutes,Take regular breaks,Spend time interacting with the notifications,"No, i do not use them",Low
18–24,Male,Undergraduate,Student,More than 10,Smartphone,"Entertainment (gaming, streaming, social media, etc.)","Social Media (e.g., Facebook, Instagram, LinkedIn, Twitter)",Evening (6 PM–10 PM),Collaborative/team setting,"Unproductive, i might not have completed the task and got carried away",30–60 minutes,"None, i prefer to work without any strategies",Check them briefly and resume my work,"Yes, but i did not find them of any help",High
Below 18,Male,Undergraduate,Student,4–6,Smartphone,"Entertainment (gaming, streaming, social media, etc.)","Social Media (e.g., Facebook, Instagram, LinkedIn, Twitter)",Late night (10 PM–6 AM),I can work in any environment,Moderately productive,30–60 minutes,Take regular breaks,Ignore them until my task is completed,"No, i do not use them",Moderate
18–24,Male,Undergraduate,Student,2–4,Laptop/PC,Academic/Work-related,Gaming,Evening (6 PM–10 PM),Quite workplace,Moderately productive,30–60 minutes,Eliminate all distractions,Turn off notifications altogether,"No, i do not use them",Low
18–24,Male,High school or below,Student,6–8,Smartphone,"Entertainment (gaming, streaming, social media, etc.)","Messaging (e.g., WhatsApp, Messenger)",Late night (10 PM–6 AM),Quite workplace,"Extremely productive, i efficiently complete my tasks",30–60 minutes,"Use some productivity tool (e.g, timers, blockers)",Ignore them until my task is completed,"Yes, they are extremely helpful",Moderate
18–24,Male,High school or below,Student,8-10,Smartphone,"Entertainment (gaming, streaming, social media, etc.)","Streaming (e.g., YouTube, Netflix)",Evening (6 PM–10 PM),I can work in any environment,"Unproductive, i might not have completed the task and got carried away",10–30 minutes,Eliminate all distractions,Turn off notifications altogether,"Yes, they are extremely helpful",High
18–24,Male,High school or below,Professional,6–8,Laptop/PC,Academic/Work-related,"Productivity (e.g., Microsoft Office, Notion)",Late night (10 PM–6 AM),Quite workplace,Moderately productive,More than 1 hour,"None, i prefer to work without any strategies",Check them briefly and resume my work,"No, i do not use them",Moderate
Below 18,Male,Undergraduate,Student,Less than 2,Laptop/PC,"Entertainment (gaming, streaming, social media, etc.)",Gaming,Evening (6 PM–10 PM),Quite workplace,Moderately productive,30–60 minutes,Eliminate all distractions,Check them briefly and resume my work,"No, i do not use them",Low
18–24,Female,Graduate,Professional,More than 10,Laptop/PC,Academic/Work-related,"Messaging (e.g., WhatsApp, Messenger)",Afternoon (12 PM–6 PM),Quite workplace,Moderately productive,10–30 minutes,Take regular breaks,Check them briefly and resume my work,"No, i do not use them",High
18–24,Female,Undergraduate,Student,8-10,Smartphone,"Entertainment (gaming, streaming, social media, etc.)","Social Media (e.g., Facebook, Instagram, LinkedIn, Twitter)",Evening (6 PM–10 PM),I can work in any environment,"Unproductive, i might not have completed the task and got carried away",Less than 10 minutes,Take regular breaks,Turn off notifications altogether,"Yes, but i did not find them of any help",High
18–24,Female,Graduate,Professional,8-10,Laptop/PC,Academic/Work-related,"Productivity (e.g., Microsoft Office, Notion)",Afternoon (12 PM–6 PM),I can work in any environment,Moderately productive,30–60 minutes,Take regular breaks,Ignore them until my task is completed,"No, i do not use them",High
18–24,Male,Undergraduate,Student,6–8,Laptop/PC,Academic/Work-related,"Productivity (e.g., Microsoft Office, Notion)",Evening (6 PM–10 PM),Background noise/music,Moderately productive,10–30 minutes,Take regular breaks,Spend time interacting with the notifications,"No, i do not use them",Moderate
18–24,Male,Undergraduate,Student,More than 10,Smartphone,"Entertainment (gaming, streaming, social media, etc.)","Streaming (e.g., YouTube, Netflix)",Evening (6 PM–10 PM),Collaborative/team setting,Moderately productive,Less than 10 minutes,Take regular breaks,Spend time interacting with the notifications,"No, i do not use them",High
18–24,Male,Undergraduate,Student,More than 10,Smartphone,"Entertainment (gaming, streaming, social media, etc.)","Messaging (e.g., WhatsApp, Messenger)",Late night (10 PM–6 AM),Quite workplace,Moderately productive,30–60 minutes,"None, i prefer to work without any strategies",Check them briefly and resume my work,"No, i do not use them",High
18–24,Male,Undergraduate,Student,6–8,Smartphone,"Entertainment (gaming, streaming, social media, etc.)","Social Media (e.g., Facebook, Instagram, LinkedIn, Twitter)",Evening (6 PM–10 PM),I can work in any environment,Moderately productive,Less than 10 minutes,"None, i prefer to work without any strategies",Turn off notifications altogether,"No, i do not use them",Moderate
25–34,Male,Undergraduate,Professional,6–8,Laptop/PC,Academic/Work-related,"Social Media (e.g., Facebook, Instagram, LinkedIn, Twitter)",Afternoon (12 PM–6 PM),Quite workplace,"Extremely productive, i efficiently complete my tasks",10–30 minutes,Take regular breaks,Turn off notifications altogether,"Yes, they are extremely helpful",Moderate
35–44,Male,Graduate,Professional,More than 10,Laptop/PC,Academic/Work-related,"Productivity (e.g., Microsoft Office, Notion)",Afternoon (12 PM–6 PM),Quite workplace,Moderately productive,10–30 minutes,Take regular breaks,Turn off notifications altogether,"No, i do not use them",High
25–34,Male,Undergraduate,Professional,6–8,Laptop/PC,Academic/Work-related,"Productivity (e.g., Microsoft Office, Notion)",Afternoon (12 PM–6 PM),Quite workplace,Moderately productive,10–30 minutes,Eliminate all distractions,Turn off notifications altogether,"Yes, they are extremely helpful",Moderate
25–34,Female,Undergraduate,Professional,4–6,Smartphone,Academic/Work-related,"Social Media (e.g., Facebook, Instagram, LinkedIn, Twitter)",Evening (6 PM–10 PM),Quite workplace,"Extremely productive, i efficiently complete my tasks",10–30 minutes,Eliminate all distractions,Turn off notifications altogether,"Yes, they are extremely helpful",Moderate
Below 18,Male,High school or below,Student,6–8,Smartphone,"Entertainment (gaming, streaming, social media, etc.)","Social Media (e.g., Facebook, Instagram, LinkedIn, Twitter)",Evening (6 PM–10 PM),I can work in any environment,"Unproductive, i might not have completed the task and got carried away",More than 1 hour,Take regular breaks,Turn off notifications altogether,"Yes, they are extremely helpful",Moderate
18–24,Female,High school or below,Student,6–8,Smartphone,"Entertainment (gaming, streaming, social media, etc.)","Streaming (e.g., YouTube, Netflix)",Afternoon (12 PM–6 PM),Quite workplace,Moderately productive,10–30 minutes,Take regular breaks,Check them briefly and resume my work,"Yes, but i did not find them of any help",Moderate
18–24,Male,High school or below,Student,More than 10,Smartphone,"Entertainment (gaming, streaming, social media, etc.)","Social Media (e.g., Facebook, Instagram, LinkedIn, Twitter)",Evening (6 PM–10 PM),Quite workplace,"Unproductive, i might not have completed the task and got carried away",10–30 minutes,"None, i prefer to work without any strategies",Check them briefly and resume my work,"No, i do not use them",High
Below 18,Male,Undergraduate,Student,4–6,Smartphone,"Entertainment (gaming, streaming, social media, etc.)","Social Media (e.g., Facebook, Instagram, LinkedIn, Twitter)",Evening (6 PM–10 PM),Quite workplace,Moderately productive,More than 1 hour,Take regular breaks,Ignore them until my task is completed,"Yes, but i did not find them of any help",Moderate
Below 18,Male,High school or below,Student,8-10,Smartphone,"Entertainment (gaming, streaming, social media, etc.)",Gaming,Evening (6 PM–10 PM),I can work in any environment,Moderately productive,More than 1 hour,Take regular breaks,Check them briefly and resume my work,"No, i do not use them",High
Below 18,Male,High school or below,Student,6–8,Smartphone,"Entertainment (gaming, streaming, social media, etc.)","Streaming (e.g., YouTube, Netflix)",Evening (6 PM–10 PM),Quite workplace,Moderately productive,30–60 minutes,"None, i prefer to work without any strategies",Check them briefly and resume my work,"No, i do not use them",Moderate
18–24,Male,High school or below,Student,4–6,Smartphone,Academic/Work-related,"Messaging (e.g., WhatsApp, Messenger)",Afternoon (12 PM–6 PM),Quite workplace,Moderately productive,30–60 minutes,Eliminate all distractions,Check them briefly and resume my work,"Yes, they are extremely helpful",Moderate
18–24,Male,High school or below,Student,4–6,Smartphone,"Entertainment (gaming, streaming, social media, etc.)","Streaming (e.g., YouTube, Netflix)",Afternoon (12 PM–6 PM),Quite workplace,Moderately productive,30–60 minutes,"None, i prefer to work without any strategies",Check them briefly and resume my work,"No, i do not use them",Moderate
18–24,Male,High school or below,Student,6–8,Smartphone,"Entertainment (gaming, streaming, social media, etc.)",Gaming,Evening (6 PM–10 PM),I can work in any environment,Moderately productive,More than 1 hour,"None, i prefer to work without any strategies",Check them briefly and resume my work,"No, i do not use them",Moderate
35–44,Female,Graduate,Professional,8-10,Laptop/PC,Academic/Work-related,"Productivity (e.g., Microsoft Office, Notion)",Evening (6 PM–10 PM),I can work in any environment,"Extremely productive, i efficiently complete my tasks",Less than 10 minutes,"None, i prefer to work without any strategies",Turn off notifications altogether,"No, i do not use them",High
18–24,Male,High school or below,Student,4–6,Laptop/PC,Academic/Work-related,"Productivity (e.g., Microsoft Office, Notion)",Evening (6 PM–10 PM),I can work in any environment,"Extremely productive, i efficiently complete my tasks",More than 1 hour,"None, i prefer to work without any strategies",Ignore them until my task is completed,"No, i do not use them",Moderate
18–24,Male,High school or below,Student,8-10,Laptop/PC,"Entertainment (gaming, streaming, social media, etc.)",Gaming,Afternoon (12 PM–6 PM),I can work in any environment,"Extremely productive, i efficiently complete my tasks",30–60 minutes,Take regular breaks,Check them briefly and resume my work,"Yes, they are extremely helpful",High
18–24,Male,High school or below,Professional,2–4,Laptop/PC,Academic/Work-related,"Productivity (e.g., Microsoft Office, Notion)",Morning (6 AM–12 PM),Quite workplace,"Extremely productive, i efficiently complete my tasks",More than 1 hour,Eliminate all distractions,Turn off notifications altogether,"Yes, they are extremely helpful",Low
25–34,Male,Undergraduate,Professional,2–4,Laptop/PC,"Entertainment (gaming, streaming, social media, etc.)","Messaging (e.g., WhatsApp, Messenger)",Afternoon (12 PM–6 PM),Background noise/music,Moderately productive,10–30 minutes,Eliminate all distractions,Ignore them until my task is completed,"Yes, but i did not find them of any help",Low
Below 18,Male,Undergraduate,Student,4–6,Laptop/PC,"Entertainment (gaming, streaming, social media, etc.)","Streaming (e.g., YouTube, Netflix)",Late night (10 PM–6 AM),Quite workplace,Moderately productive,30–60 minutes,Eliminate all distractions,Turn off notifications altogether,"No, i do not use them",Moderate
Below 18,Male,High school or below,Student,2–4,Smartphone,"Entertainment (gaming, streaming, social media, etc.)","Social Media (e.g., Facebook, Instagram, LinkedIn, Twitter)",Late night (10 PM–6 AM),Quite workplace,Moderately productive,More than 1 hour,Take regular breaks,Check them briefly and resume my work,"No, i do not use them",Low
18–24,Female,Undergraduate,Student,8-10,Laptop/PC,Academic/Work-related,"Streaming (e.g., YouTube, Netflix)",Evening (6 PM–10 PM),Quite workplace,Moderately productive,30–60 minutes,Eliminate all distractions,Turn off notifications altogether,"No, i do not use them",High
18–24,Male,Undergraduate,Student,4–6,Smartphone,"Entertainment (gaming, streaming, social media, etc.)","Social Media (e.g., Facebook, Instagram, LinkedIn, Twitter)",Late night (10 PM–6 AM),I can work in any environment,"Extremely productive, i efficiently complete my tasks",More than 1 hour,Eliminate all distractions,Ignore them until my task is completed,"No, i do not use them",Moderate
35–44,Male,Graduate,Professional,4–6,Laptop/PC,Academic/Work-related,"Social Media (e.g., Facebook, Instagram, LinkedIn, Twitter)",Afternoon (12 PM–6 PM),Collaborative/team setting,"Unproductive, i might not have completed the task and got carried away",10–30 minutes,"Use some productivity tool (e.g, timers, blockers)",Turn off notifications altogether,"Yes, but i did not find them of any help",Moderate
18–24,Female,Graduate,Professional,4–6,Smartphone,"Entertainment (gaming, streaming, social media, etc.)","Social Media (e.g., Facebook, Instagram, LinkedIn, Twitter)",Evening (6 PM–10 PM),Collaborative/team setting,Moderately productive,30–60 minutes,Take regular breaks,Check them briefly and resume my work,"No, i do not use them",Moderate
18–24,Male,High school or below,Student,6–8,Smartphone,"Entertainment (gaming, streaming, social media, etc.)","Social Media (e.g., Facebook, Instagram, LinkedIn, Twitter)",Evening (6 PM–10 PM),Collaborative/team setting,Moderately productive,10–30 minutes,"None, i prefer to work without any strategies",Check them briefly and resume my work,"No, i do not use them",Moderate
18–24,Female,Undergraduate,Student,4–6,Laptop/PC,Academic/Work-related,"Productivity (e.g., Microsoft Office, Notion)",Evening (6 PM–10 PM),Background noise/music,"Unproductive, i might not have completed the task and got carried away",30–60 minutes,"None, i prefer to work without any strategies",Turn off notifications altogether,"No, i do not use them",Moderate
18–24,Female,Undergraduate,Student,6–8,Smartphone,"Entertainment (gaming, streaming, social media, etc.)","Social Media (e.g., Facebook, Instagram, LinkedIn, Twitter)",Late night (10 PM–6 AM),Background noise/music,Moderately productive,More than 1 hour,Eliminate all distractions,Ignore them until my task is completed,"Yes, they are extremely helpful",Moderate
18–24,Female,Undergraduate,Student,6–8,Smartphone,"Entertainment (gaming, streaming, social media, etc.)","Streaming (e.g., YouTube, Netflix)",Evening (6 PM–10 PM),Quite workplace,"Extremely productive, i efficiently complete my tasks",Less than 10 minutes,Take regular breaks,Turn off notifications altogether,"No, i do not use them",Moderate
18–24,Male,Undergraduate,Student,4–6,Smartphone,"Entertainment (gaming, streaming, social media, etc.)","Messaging (e.g., WhatsApp, Messenger)",Afternoon (12 PM–6 PM),Quite workplace,Moderately productive,30–60 minutes,"None, i prefer to work without any strategies",Check them briefly and resume my work,"No, i do not use them",Moderate
18–24,Female,Undergraduate,Professional,8-10,Smartphone,"Entertainment (gaming, streaming, social media, etc.)","Social Media (e.g., Facebook, Instagram, LinkedIn, Twitter)",Evening (6 PM–10 PM),Collaborative/team setting,Moderately productive,30–60 minutes,Take regular breaks,Check them briefly and resume my work,"Yes, they are extremely helpful",High
18–24,Male,Undergraduate,Student,6–8,Smartphone,Academic/Work-related,"Social Media (e.g., Facebook, Instagram, LinkedIn, Twitter)",Evening (6 PM–10 PM),Background noise/music,"Extremely productive, i efficiently complete my tasks",10–30 minutes,Take regular breaks,Check them briefly and resume my work,"Yes, but i did not find them of any help",Moderate
18–24,Female,Undergraduate,Student,6–8,Smartphone,"Entertainment (gaming, streaming, social media, etc.)","Social Media (e.g., Facebook, Instagram, LinkedIn, Twitter)",Late night (10 PM–6 AM),,"Unproductive, i might not have completed the task and got carried away",More than 1 hour,,,"Yes, but i did not find them of any help",Moderate
18–24,Male,Undergraduate,Student,More than 10,Smartphone,"Entertainment (gaming, streaming, social media, etc.)","Social Media (e.g., Facebook, Instagram, LinkedIn, Twitter)",Morning (6 AM–12 PM),Background noise/music,"Extremely productive, i efficiently complete my tasks",30–60 minutes,Eliminate all distractions,Ignore them until my task is completed,"Yes, but i did not find them of any help",High
18–24,Female,Undergraduate,Student,6–8,Smartphone,"Entertainment (gaming, streaming, social media, etc.)","Social Media (e.g., Facebook, Instagram, LinkedIn, Twitter)",Evening (6 PM–10 PM),I can work in any environment,Moderately productive,Less than 10 minutes,Take regular breaks,Check them briefly and resume my work,"No, i do not use them",Moderate
18–24,Female,Undergraduate,Student,6–8,Smartphone,"Entertainment (gaming, streaming, social media, etc.)","Social Media (e.g., Facebook, Instagram, LinkedIn, Twitter)",Evening (6 PM–10 PM),Quite workplace,"Unproductive, i might not have completed the task and got carried away",10–30 minutes,Eliminate all distractions,Ignore them until my task is completed,"Yes, they are extremely helpful",Moderate
18–24,Female,Undergraduate,Student,6–8,Smartphone,"Entertainment (gaming, streaming, social media, etc.)","Streaming (e.g., YouTube, Netflix)",Late night (10 PM–6 AM),Quite workplace,Moderately productive,Less than 10 minutes,"None, i prefer to work without any strategies",Ignore them until my task is completed,"Yes, but i did not find them of any help",Moderate
18–24,Female,Undergraduate,Student,6–8,Laptop/PC,Academic/Work-related,"Productivity (e.g., Microsoft Office, Notion)",Evening (6 PM–10 PM),Collaborative/team setting,Moderately productive,10–30 minutes,Take regular breaks,Check them briefly and resume my work,"No, i do not use them",Moderate
18–24,Female,Undergraduate,Student,2–4,Smartphone,"Entertainment (gaming, streaming, social media, etc.)","Social Media (e.g., Facebook, Instagram, LinkedIn, Twitter)",Late night (10 PM–6 AM),Quite workplace,"Extremely productive, i efficiently complete my tasks",Less than 10 minutes,"None, i prefer to work without any strategies",Ignore them until my task is completed,"No, i do not use them",Low
25–34,Male,Graduate,Professional,8-10,Laptop/PC,Academic/Work-related,"Productivity (e.g., Microsoft Office, Notion)",Afternoon (12 PM–6 PM),Quite workplace,Moderately productive,More than 1 hour,"None, i prefer to work without any strategies",Check them briefly and resume my work,"No, i do not use them",High
18–24,Female,Undergraduate,Student,More than 10,Smartphone,"Entertainment (gaming, streaming, social media, etc.)","Social Media (e.g., Facebook, Instagram, LinkedIn, Twitter)",Late night (10 PM–6 AM),Background noise/music,Moderately productive,30–60 minutes,"Use some productivity tool (e.g, timers, blockers)",Turn off notifications altogether,"Yes, but i did not find them of any help",High
18–24,Female,Undergraduate,Student,2–4,Smartphone,Academic/Work-related,"Productivity (e.g., Microsoft Office, Notion)",Afternoon (12 PM–6 PM),Quite workplace,Moderately productive,10–30 minutes,Eliminate all distractions,Check them briefly and resume my work,"No, i do not use them",Low
18–24,Female,Undergraduate,Student,8-10,Smartphone,"Entertainment (gaming, streaming, social media, etc.)","Social Media (e.g., Facebook, Instagram, LinkedIn, Twitter)",Evening (6 PM–10 PM),I can work in any environment,Moderately productive,30–60 minutes,"Use some productivity tool (e.g, timers, blockers)",Check them briefly and resume my work,"Yes, but i did not find them of any help",High
18–24,Male,Undergraduate,Professional,8-10,Laptop/PC,Academic/Work-related,"Social Media (e.g., Facebook, Instagram, LinkedIn, Twitter)",Late night (10 PM–6 AM),Quite workplace,"Extremely productive, i efficiently complete my tasks",More than 1 hour,,Check them briefly and resume my work,"No, i do not use them",High
18–24,Female,Undergraduate,Student,More than 10,Smartphone,"Entertainment (gaming, streaming, social media, etc.)","Messaging (e.g., WhatsApp, Messenger)",Evening (6 PM–10 PM),Quite workplace,Moderately productive,10–30 minutes,,Turn off notifications altogether,"No, i do not use them",High
18–24,Male,Undergraduate,Student,4–6,Smartphone,Academic/Work-related,"Social Media (e.g., Facebook, Instagram, LinkedIn, Twitter)",Late night (10 PM–6 AM),Quite workplace,Moderately productive,More than 1 hour,"None, i prefer to work without any strategies",Check them briefly and resume my work,"Yes, they are extremely helpful",Moderate
18–24,Male,High school or below,Student,4–6,Smartphone,Academic/Work-related,"Social Media (e.g., Facebook, Instagram, LinkedIn, Twitter)",Evening (6 PM–10 PM),Quite workplace,Moderately productive,Less than 10 minutes,Eliminate all distractions,Turn off notifications altogether,"Yes, they are extremely helpful",Moderate
45 and above,Male,Graduate,Professional,8-10,Smartphone,Academic/Work-related,"Messaging (e.g., WhatsApp, Messenger)",Morning (6 AM–12 PM),I can work in any environment,"Extremely productive, i efficiently complete my tasks",Less than 10 minutes,"None, i prefer to work without any strategies",Ignore them until my task is completed,"No, i do not use them",High
18–24,Female,High school or below,Student,6–8,Laptop/PC,Academic/Work-related,"Messaging (e.g., WhatsApp, Messenger)",Afternoon (12 PM–6 PM),Quite workplace,Moderately productive,30–60 minutes,"None, i prefer to work without any strategies",Ignore them until my task is completed,"No, i do not use them",Moderate
18–24,Male,Undergraduate,Student,6–8,Smartphone,"Entertainment (gaming, streaming, social media, etc.)","Streaming (e.g., YouTube, Netflix)",Afternoon (12 PM–6 PM),Quite workplace,Moderately productive,More than 1 hour,"None, i prefer to work without any strategies",Check them briefly and resume my work,"No, i do not use them",Moderate
18–24,Male,Undergraduate,Student,4–6,Smartphone,"Entertainment (gaming, streaming, social media, etc.)","Social Media (e.g., Facebook, Instagram, LinkedIn, Twitter)",Late night (10 PM–6 AM),Quite workplace,Moderately productive,Less than 10 minutes,Eliminate all distractions,Check them briefly and resume my work,"No, i do not use them",Moderate
18–24,Male,Undergraduate,Student,4–6,Smartphone,"Entertainment (gaming, streaming, social media, etc.)","Messaging (e.g., WhatsApp, Messenger)",Evening (6 PM–10 PM),I can work in any environment,"Unproductive, i might not have completed the task and got carried away",10–30 minutes,"None, i prefer to work without any strategies",Spend time interacting with the notifications,"Yes, they are extremely helpful",Moderate
18–24,Male,Undergraduate,Student,2–4,Laptop/PC,"Entertainment (gaming, streaming, social media, etc.)","Social Media (e.g., Facebook, Instagram, LinkedIn, Twitter)",Late night (10 PM–6 AM),I can work in any environment,Moderately productive,30–60 minutes,"Use some productivity tool (e.g, timers, blockers)",Check them briefly and resume my work,"Yes, but i did not find them of any help",Low
18–24,Female,Undergraduate,Professional,8-10,Smartphone,"Entertainment (gaming, streaming, social media, etc.)","Social Media (e.g., Facebook, Instagram, LinkedIn, Twitter)",Evening (6 PM–10 PM),Quite workplace,"Unproductive, i might not have completed the task and got carried away",Less than 10 minutes,Take regular breaks,Turn off notifications altogether,"No, i do not use them",High
18–24,Female,Undergraduate,Student,6–8,Smartphone,"Entertainment (gaming, streaming, social media, etc.)","Social Media (e.g., Facebook, Instagram, LinkedIn, Twitter)",Evening (6 PM–10 PM),Quite workplace,Moderately productive,10–30 minutes,"None, i prefer to work without any strategies",Spend time interacting with the notifications,"Yes, they are extremely helpful",Moderate
18–24,Female,Undergraduate,Student,More than 10,Smartphone,"Entertainment (gaming, streaming, social media, etc.)","Social Media (e.g., Facebook, Instagram, LinkedIn, Twitter)",Evening (6 PM–10 PM),Collaborative/team setting,"Unproductive, i might not have completed the task and got carried away",10–30 minutes,"None, i prefer to work without any strategies",Turn off notifications altogether,"Yes, but i did not find them of any help",High
18–24,Male,Graduate,Professional,4–6,Smartphone,Academic/Work-related,"Social Media (e.g., Facebook, Instagram, LinkedIn, Twitter)",Evening (6 PM–10 PM),Quite workplace,Moderately productive,10–30 minutes,Eliminate all distractions,Turn off notifications altogether,"No, i do not use them",Moderate
18–24,Male,Graduate,Professional,4–6,Laptop/PC,Academic/Work-related,"Productivity (e.g., Microsoft Office, Notion)",Evening (6 PM–10 PM),Quite workplace,"Unproductive, i might not have completed the task and got carried away",Less than 10 minutes,Take regular breaks,Spend time interacting with the notifications,"No, i do not use them",Moderate
18–24,Male,Graduate,Professional,8-10,Laptop/PC,Academic/Work-related,"Social Media (e.g., Facebook, Instagram, LinkedIn, Twitter)",Late night (10 PM–6 AM),Quite workplace,Moderately productive,30–60 minutes,"None, i prefer to work without any strategies",Check them briefly and resume my work,"No, i do not use them",High
18–24,Male,Undergraduate,Student,4–6,Smartphone,"Entertainment (gaming, streaming, social media, etc.)","Social Media (e.g., Facebook, Instagram, LinkedIn, Twitter)",Late night (10 PM–6 AM),Collaborative/team setting,Moderately productive,10–30 minutes,Take regular breaks,Ignore them until my task is completed,"Yes, but i did not find them of any help",Moderate
18–24,Female,Undergraduate,Student,2–4,Smartphone,"Entertainment (gaming, streaming, social media, etc.)","Messaging (e.g., WhatsApp, Messenger)",Evening (6 PM–10 PM),Quite workplace,Moderately productive,Less than 10 minutes,Eliminate all distractions,Check them briefly and resume my work,"Yes, they are extremely helpful",Low
18–24,Female,Undergraduate,Student,6–8,Laptop/PC,"Entertainment (gaming, streaming, social media, etc.)","Social Media (e.g., Facebook, Instagram, LinkedIn, Twitter)",Evening (6 PM–10 PM),I can work in any environment,Moderately productive,More than 1 hour,"Use some productivity tool (e.g, timers, blockers)",Check them briefly and resume my work,"Yes, but i did not find them of any help",Moderate
18–24,Female,High school or below,Student,8-10,Smartphone,Academic/Work-related,"Social Media (e.g., Facebook, Instagram, LinkedIn, Twitter)",Evening (6 PM–10 PM),Quite workplace,"Unproductive, i might not have completed the task and got carried away",10–30 minutes,Eliminate all distractions,Ignore them until my task is completed,"No, i do not use them",High
18–24,Male,Undergraduate,Student,6–8,Smartphone,"Entertainment (gaming, streaming, social media, etc.)","Social Media (e.g., Facebook, Instagram, LinkedIn, Twitter)",Evening (6 PM–10 PM),I can work in any environment,"Unproductive, i might not have completed the task and got carried away",More than 1 hour,Eliminate all distractions,Spend time interacting with the notifications,"No, i do not use them",Moderate
35–44,Male,Graduate,Professional,6–8,Laptop/PC,Academic/Work-related,"Productivity (e.g., Microsoft Office, Notion)",Afternoon (12 PM–6 PM),Collaborative/team setting,Moderately productive,10–30 minutes,"None, i prefer to work without any strategies",Check them briefly and resume my work,"Yes, but i did not find them of any help",Moderate
18–24,Male,Graduate,Professional,8-10,Smartphone,"Entertainment (gaming, streaming, social media, etc.)","Streaming (e.g., YouTube, Netflix)",Afternoon (12 PM–6 PM),Background noise/music,Moderately productive,Less than 10 minutes,Take regular breaks,Check them briefly and resume my work,"No, i do not use them",High
18–24,Female,Undergraduate,Student,6–8,Smartphone,"Entertainment (gaming, streaming, social media, etc.)","Social Media (e.g., Facebook, Instagram, LinkedIn, Twitter)",Evening (6 PM–10 PM),Quite workplace,Moderately productive,More than 1 hour,Take regular breaks,Check them briefly and resume my work,"No, i do not use them",Moderate
18–24,Female,Undergraduate,Student,8-10,Laptop/PC,Academic/Work-related,"Productivity (e.g., Microsoft Office, Notion)",Evening (6 PM–10 PM),Background noise/music,Moderately productive,More than 1 hour,"None, i prefer to work without any strategies",Ignore them until my task is completed,"Yes, they are extremely helpful",High
18–24,Female,Undergraduate,Student,4–6,Smartphone,Academic/Work-related,"Messaging (e.g., WhatsApp, Messenger)",Evening (6 PM–10 PM),I can work in any environment,Moderately productive,More than 1 hour,Eliminate all distractions,Check them briefly and resume my work,"No, i do not use them",Moderate
18–24,Female,Graduate,Professional,More than 10,Laptop/PC,Academic/Work-related,"Productivity (e.g., Microsoft Office, Notion)",Afternoon (12 PM–6 PM),Quite workplace,Moderately productive,30–60 minutes,"None, i prefer to work without any strategies",Ignore them until my task is completed,"Yes, but i did not find them of any help",High
18–24,Male,Undergraduate,Student,4–6,Smartphone,"Entertainment (gaming, streaming, social media, etc.)",Gaming,Evening (6 PM–10 PM),Quite workplace,"Extremely productive, i efficiently complete my tasks",30–60 minutes,"Use some productivity tool (e.g, timers, blockers)",Turn off notifications altogether,"No, i do not use them",Moderate
Below 18,Male,High school or below,Student,4–6,Smartphone,Academic/Work-related,"Social Media (e.g., Facebook, Instagram, LinkedIn, Twitter)",Evening (6 PM–10 PM),Quite workplace,"Unproductive, i might not have completed the task and got carried away",Less than 10 minutes,Take regular breaks,Turn off notifications altogether,"Yes, but i did not find them of any help",Moderate
25–34,Female,Graduate,Student,4–6,Laptop/PC,Academic/Work-related,"Productivity (e.g., Microsoft Office, Notion)",Morning (6 AM–12 PM),I can work in any environment,Moderately productive,30–60 minutes,"Use some productivity tool (e.g, timers, blockers)",Turn off notifications altogether,"Yes, they are extremely helpful",Moderate
18–24,Female,Graduate,Student,8-10,Laptop/PC,Academic/Work-related,"Social Media (e.g., Facebook, Instagram, LinkedIn, Twitter)",Evening (6 PM–10 PM),I can work in any environment,"Extremely productive, i efficiently complete my tasks",30–60 minutes,"None, i prefer to work without any strategies",Ignore them until my task is completed,"No, i do not use them",High
Below 18,Male,Undergraduate,Student,8-10,Smartphone,"Entertainment (gaming, streaming, social media, etc.)","Social Media (e.g., Facebook, Instagram, LinkedIn, Twitter)",Late night (10 PM–6 AM),Collaborative/team setting,Moderately productive,10–30 minutes,"None, i prefer to work without any strategies",Check them briefly and resume my work,"Yes, but i did not find them of any help",High
18–24,Male,Undergraduate,Professional,6–8,Smartphone,Academic/Work-related,"Social Media (e.g., Facebook, Instagram, LinkedIn, Twitter)",Morning (6 AM–12 PM),Collaborative/team setting,"Extremely productive, i efficiently complete my tasks",30–60 minutes,Take regular breaks,Spend time interacting with the notifications,"Yes, they are extremely helpful",Moderate
18–24,Male,Undergraduate,Professional,2–4,Smartphone,"Entertainment (gaming, streaming, social media, etc.)","Social Media (e.g., Facebook, Instagram, LinkedIn, Twitter)",Afternoon (12 PM–6 PM),Background noise/music,"Extremely productive, i efficiently complete my tasks",10–30 minutes,"Use some productivity tool (e.g, timers, blockers)",Ignore them until my task is completed,"Yes, they are extremely helpful",Low
18–24,Male,Undergraduate,Student,6–8,Laptop/PC,Academic/Work-related,"Productivity (e.g., Microsoft Office, Notion)",Late night (10 PM–6 AM),Quite workplace,"Extremely productive, i efficiently complete my tasks",10–30 minutes,Eliminate all distractions,Check them briefly and resume my work,"Yes, they are extremely helpful",Moderate
25–34,Male,Graduate,Professional,8-10,Smartphone,"Entertainment (gaming, streaming, social media, etc.)","Messaging (e.g., WhatsApp, Messenger)",Evening (6 PM–10 PM),Quite workplace,"Unproductive, i might not have completed the task and got carried away",Less than 10 minutes,Eliminate all distractions,Spend time interacting with the notifications,"Yes, but i did not find them of any help",High
18–24,Female,High school or below,Professional,More than 10,Laptop/PC,Academic/Work-related,"Social Media (e.g., Facebook, Instagram, LinkedIn, Twitter)",Evening (6 PM–10 PM),Collaborative/team setting,"Extremely productive, i efficiently complete my tasks",Less than 10 minutes,Eliminate all distractions,Ignore them until my task is completed,"Yes, they are extremely helpful",High
25–34,Male,Graduate,Professional,More than 10,Laptop/PC,"Entertainment (gaming, streaming, social media, etc.)",Gaming,Late night (10 PM–6 AM),I can work in any environment,"Extremely productive, i efficiently complete my tasks",More than 1 hour,Eliminate all distractions,Ignore them until my task is completed,"Yes, they are extremely helpful",High
25–34,Male,Undergraduate,Professional,8-10,Laptop/PC,Academic/Work-related,"Productivity (e.g., Microsoft Office, Notion)",Afternoon (12 PM–6 PM),Background noise/music,"Extremely productive, i efficiently complete my tasks",10–30 minutes,Eliminate all distractions,Turn off notifications altogether,"No, i do not use them",High
25–34,Male,Graduate,Professional,More than 10,Smartphone,Academic/Work-related,"Productivity (e.g., Microsoft Office, Notion)",Late night (10 PM–6 AM),Quite workplace,Moderately productive,30–60 minutes,Take regular breaks,Turn off notifications altogether,"No, i do not use them",High
25–34,Male,Graduate,Professional,More than 10,Laptop/PC,Academic/Work-related,"Streaming (e.g., YouTube, Netflix)",Evening (6 PM–10 PM),Quite workplace,"Extremely productive, i efficiently complete my tasks",More than 1 hour,Take regular breaks,Ignore them until my task is completed,"No, i do not use them",High
25–34,Female,Graduate,Professional,More than 10,Laptop/PC,Academic/Work-related,"Productivity (e.g., Microsoft Office, Notion)",Afternoon (12 PM–6 PM),Background noise/music,Moderately productive,Less than 10 minutes,Eliminate all distractions,Check them briefly and resume my work,"No, i do not use them",High
18–24,Male,Undergraduate,Professional,More than 10,Laptop/PC,Academic/Work-related,"Productivity (e.g., Microsoft Office, Notion)",Afternoon (12 PM–6 PM),Collaborative/team setting,Moderately productive,10–30 minutes,Take regular breaks,Turn off notifications altogether,"No, i do not use them",High
25–34,Female,Graduate,Professional,6–8,Smartphone,Academic/Work-related,"Social Media (e.g., Facebook, Instagram, LinkedIn, Twitter)",Late night (10 PM–6 AM),Collaborative/team setting,"Extremely productive, i efficiently complete my tasks",More than 1 hour,Take regular breaks,Check them briefly and resume my work,"Yes, they are extremely helpful",Moderate
18–24,Male,Undergraduate,Professional,8-10,Laptop/PC,Academic/Work-related,"Productivity (e.g., Microsoft Office, Notion)",Afternoon (12 PM–6 PM),Quite workplace,"Extremely productive, i efficiently complete my tasks",30–60 minutes,"None, i prefer to work without any strategies",Turn off notifications altogether,"No, i do not use them",High
18–24,Male,Graduate,Professional,More than 10,Laptop/PC,Academic/Work-related,"Productivity (e.g., Microsoft Office, Notion)",Afternoon (12 PM–6 PM),Background noise/music,"Extremely productive, i efficiently complete my tasks",30–60 minutes,"None, i prefer to work without any strategies",Check them briefly and resume my work,"No, i do not use them",High
25–34,Male,Graduate,Professional,6–8,Laptop/PC,Academic/Work-related,"Productivity (e.g., Microsoft Office, Notion)",Afternoon (12 PM–6 PM),Background noise/music,Moderately productive,30–60 minutes,"None, i prefer to work without any strategies",Check them briefly and resume my work,"No, i do not use them",Moderate
18–24,Female,Undergraduate,Student,4–6,Smartphone,"Entertainment (gaming, streaming, social media, etc.)","Social Media (e.g., Facebook, Instagram, LinkedIn, Twitter)",Evening (6 PM–10 PM),Background noise/music,Moderately productive,10–30 minutes,Take regular breaks,Check them briefly and resume my work,"Yes, but i did not find them of any help",Moderate
18–24,Female,Graduate,Professional,8-10,Laptop/PC,Academic/Work-related,"Productivity (e.g., Microsoft Office, Notion)",Afternoon (12 PM–6 PM),Quite workplace,Moderately productive,More than 1 hour,Eliminate all distractions,Turn off notifications altogether,"No, i do not use them",High
18–24,Female,Graduate,Professional,8-10,Laptop/PC,Academic/Work-related,"Social Media (e.g., Facebook, Instagram, LinkedIn, Twitter)",Afternoon (12 PM–6 PM),Quite workplace,Moderately productive,10–30 minutes,"None, i prefer to work without any strategies",Ignore them until my task is completed,"No, i do not use them",High
18–24,Male,Graduate,Professional,More than 10,Laptop/PC,Academic/Work-related,"Productivity (e.g., Microsoft Office, Notion)",Afternoon (12 PM–6 PM),Collaborative/team setting,"Extremely productive, i efficiently complete my tasks",10–30 minutes,Eliminate all distractions,Turn off notifications altogether,"No, i do not use them",High
18–24,Female,Graduate,Professional,More than 10,Laptop/PC,Academic/Work-related,"Productivity (e.g., Microsoft Office, Notion)",Afternoon (12 PM–6 PM),Collaborative/team setting,"Extremely productive, i efficiently complete my tasks",30–60 minutes,Eliminate all distractions,Ignore them until my task is completed,"No, i do not use them",High
18–24,Male,Graduate,Professional,6–8,Laptop/PC,Academic/Work-related,"Productivity (e.g., Microsoft Office, Notion)",Afternoon (12 PM–6 PM),I can work in any environment,"Extremely productive, i efficiently complete my tasks",30–60 minutes,"None, i prefer to work without any strategies",Turn off notifications altogether,"No, i do not use them",Moderate
25–34,Female,Graduate,Professional,8-10,Laptop/PC,Academic/Work-related,"Productivity (e.g., Microsoft Office, Notion)",Afternoon (12 PM–6 PM),Quite workplace,"Extremely productive, i efficiently complete my tasks",More than 1 hour,Take regular breaks,Check them briefly and resume my work,"No, i do not use them",High
25–34,Male,Undergraduate,Student,6–8,Laptop/PC,Academic/Work-related,"Productivity (e.g., Microsoft Office, Notion)",Afternoon (12 PM–6 PM),I can work in any environment,"Extremely productive, i efficiently complete my tasks",More than 1 hour,Take regular breaks,Check them briefly and resume my work,"No, i do not use them",Moderate
25–34,Female,Graduate,Professional,4–6,Laptop/PC,Academic/Work-related,"Productivity (e.g., Microsoft Office, Notion)",Afternoon (12 PM–6 PM),Quite workplace,"Extremely productive, i efficiently complete my tasks",10–30 minutes,Take regular breaks,Check them briefly and resume my work,"Yes, but i did not find them of any help",Moderate
25–34,Male,Graduate,Professional,More than 10,Laptop/PC,Academic/Work-related,"Productivity (e.g., Microsoft Office, Notion)",Afternoon (12 PM–6 PM),Quite workplace,Moderately productive,30–60 minutes,"None, i prefer to work without any strategies",Ignore them until my task is completed,"Yes, but i did not find them of any help",High
45 and above,Male,Graduate,Professional,8-10,Smartphone,Academic/Work-related,"Messaging (e.g., WhatsApp, Messenger)",Morning (6 AM–12 PM),I can work in any environment,"Extremely productive, i efficiently complete my tasks",Less than 10 minutes,"None, i prefer to work without any strategies",Ignore them until my task is completed,"No, i do not use them",High
25–34,Male,Graduate,Professional,6–8,Smartphone,"Entertainment (gaming, streaming, social media, etc.)","Social Media (e.g., Facebook, Instagram, LinkedIn, Twitter)",Evening (6 PM–10 PM),Quite workplace,Moderately productive,Less than 10 minutes,Eliminate all distractions,Turn off notifications altogether,"Yes, they are extremely helpful",Moderate
